Designator,Mid X,Mid Y,Rotation,Layer
C1,34.1,31.7,180.0,bottom
C10,57.1,6.5375,270.0,bottom
C11,58.6,10.0,90.0,bottom
C12,57.1,10.0,90.0,bottom
C13,65.05,44.6,0.0,bottom
C14,61.8,32.9,180.0,bottom
C15,66.9,27.3,180.0,bottom
C16,66.9,28.8,180.0,bottom
C17,66.9,30.3,180.0,bottom
C18,66.9,31.8,180.0,bottom
C19,70.25,27.3,180.0,bottom
C2,39.9,52.5125,90.0,bottom
C20,70.25,28.8,180.0,bottom
C21,70.25,30.3,180.0,bottom
C22,70.25,31.8,180.0,bottom
C23,67.5,34.3,90.0,bottom
C24,66.0,34.3,90.0,bottom
C25,53.7,42.7,180.0,bottom
C26,69.0,34.3,90.0,bottom
C27,14.8,9.1,90.0,bottom
C28,24.7,16.1,90.0,bottom
C29,37.0,26.3,180.0,bottom
C3,41.4,52.5125,90.0,bottom
C30,12.6,41.9,90.0,bottom
C31,16.8,48.4,0.0,bottom
C32,70.5,34.3,90.0,bottom
C33,22.3,47.5,270.0,bottom
C34,16.8,46.6,180.0,bottom
C35,83.9,35.4625,90.0,bottom
C36,42.3,30.1,270.0,bottom
C37,78.3,34.2,90.0,bottom
C38,33.7,13.1,90.0,bottom
C39,12.1,15.2,180.0,bottom
C4,31.0,50.05,270.0,bottom
C40,78.3,29.1,270.0,bottom
C41,13.3,28.9,270.0,bottom
C42,67.3,6.1,270.0,bottom
C43,67.3,9.4,90.0,bottom
C45,65.42,55.05,270.0,bottom
C46,66.92,55.05,270.0,bottom
C47,90.7,35.4,90.0,bottom
C49,89.2,35.4,90.0,bottom
C5,29.2,55.15,90.0,bottom
C51,87.7,35.4,90.0,bottom
C53,86.2,35.4,90.0,bottom
C54,33.9,42.45,0.0,bottom
C55,36.4,46.6125,90.0,bottom
C56,85.525,10.1,0.0,bottom
C57,85.525,14.6,0.0,bottom
C58,85.5375,13.1,0.0,bottom
C59,85.5375,11.6,0.0,bottom
C6,27.6,55.15,90.0,bottom
C61,37.9,43.3125,270.0,bottom
C62,36.4,43.3125,270.0,bottom
C63,37.9,46.6125,90.0,bottom
C7,26.0,55.15,90.0,bottom
C8,30.8,55.15,90.0,bottom
C9,58.6,6.5375,270.0,bottom
D1,12.0,9.1,180.0,bottom
D10,11.5,57.6,0.0,bottom
D11,21.9,16.1,180.0,bottom
D12,18.0,12.6,0.0,bottom
D13,40.8,26.6,0.0,bottom
D15,66.3,48.2,180.0,bottom
D16,70.1,9.8,270.0,bottom
D17,33.95,44.25,0.0,bottom
D18,82.3,28.5,90.0,bottom
D19,81.3,37.1,180.0,bottom
D2,30.2375,32.35,0.0,bottom
D22,88.9,13.7,90.0,bottom
D23,33.6625,28.8,180.0,bottom
D24,93.8,10.7,0.0,bottom
D3,61.1,35.3,90.0,bottom
D4,61.28,12.35,0.0,bottom
D5,33.95,46.25,0.0,bottom
D6,30.25,40.625,180.0,bottom
D7,61.28,14.35,180.0,bottom
D8,64.58,12.35,180.0,bottom
D9,64.58,14.35,0.0,bottom
J1,107.7,33.41,0.0,top
J12,2.3,33.41,0.0,top
J2,19.3,56.9,180.0,bottom
J3,78.64,5.2,90.0,top
L1,62.98,7.85,180.0,bottom
L2,89.4,30.2,0.0,bottom
L4,28.7,44.95,180.0,bottom
Q1,81.35,33.9375,270.0,bottom
Q10,60.0,28.6,90.0,bottom
Q11,63.47,28.6,270.0,bottom
Q12,66.4,38.7,180.0,bottom
Q13,33.7,49.35,90.0,bottom
Q14,62.2,38.7,180.0,bottom
Q15,64.85,41.7,90.0,bottom
Q16,57.5,42.1,180.0,bottom
Q17,21.9,12.6,180.0,bottom
Q18,37.6,28.8,0.0,bottom
Q2,17.6,28.9,180.0,bottom
Q26,95.7,24.2,90.0,bottom
Q27,99.2,24.2,90.0,bottom
Q28,102.7,24.2,90.0,bottom
Q29,95.8,36.3,180.0,bottom
Q3,29.4,13.1,0.0,bottom
Q4,29.6,28.8,180.0,bottom
Q5,37.25,57.05,270.0,bottom
Q6,37.25,53.15,270.0,bottom
Q7,13.9,12.6,0.0,bottom
Q8,53.6,38.7,180.0,bottom
Q9,57.5,38.7,180.0,bottom
R1,19.7,10.0,0.0,bottom
R10,33.8,52.25,180.0,bottom
R11,28.8,50.85,90.0,bottom
R12,26.4,50.85,90.0,bottom
R13,47.8,56.5125,0.0,bottom
R14,53.7,41.2,180.0,bottom
R15,59.1,33.8,90.0,bottom
R16,60.0,31.3,180.0,bottom
R17,65.42,51.65,90.0,bottom
R18,23.7,10.0,180.0,bottom
R19,69.2,38.7,90.0,bottom
R2,17.7,31.5,0.0,bottom
R20,64.3,33.8,90.0,bottom
R21,63.4,31.3,0.0,bottom
R22,62.3,42.7,270.0,bottom
R23,60.2,42.7,270.0,bottom
R24,63.4,46.8,180.0,bottom
R25,11.1,12.6,90.0,bottom
R26,37.6375,31.7,180.0,bottom
R27,69.92,51.65,90.0,bottom
R28,37.0125,24.7,180.0,bottom
R29,19.3,47.5,90.0,bottom
R3,14.8,28.9,270.0,bottom
R30,20.8,47.5,90.0,bottom
R31,33.85,40.525,0.0,bottom
R32,11.5,55.8,0.0,bottom
R33,70.1,6.1,90.0,bottom
R34,22.9,51.3,180.0,bottom
R35,16.1,51.3,0.0,bottom
R36,81.25,31.0375,180.0,bottom
R37,66.92,51.65,90.0,bottom
R38,33.7875,53.85,180.0,bottom
R39,68.42,51.65,90.0,bottom
R4,29.4,10.5,0.0,bottom
R40,84.2,28.5,270.0,bottom
R41,83.9,32.0625,90.0,bottom
R42,92.3,35.4,90.0,bottom
R43,103.9,28.6,270.0,bottom
R44,96.3,28.6,270.0,bottom
R45,100.1,28.6,270.0,bottom
R46,98.2,27.8,90.0,bottom
R47,99.1,32.4,180.0,bottom
R48,98.6,36.2,90.0,bottom
R49,80.5,28.5,270.0,bottom
R5,32.2,13.1,90.0,bottom
R50,94.4,27.8,90.0,bottom
R51,102.0,27.8,90.0,bottom
R52,89.8,10.7,180.0,bottom
R6,40.7,30.1,270.0,bottom
R60,47.8,54.9925,0.0,bottom
R65,44.4,55.0125,0.0,bottom
R7,34.1,33.3,180.0,bottom
R8,24.7,12.6,270.0,bottom
R9,37.3,50.1,0.0,bottom
T1,64.0,21.0,270.0,bottom
T2,88.1,21.0,270.0,bottom
U1,30.4,21.0,90.0,bottom
U2,46.0,51.1125,90.0,bottom
U3,16.8,21.0,270.0,bottom
U4,18.6,41.9,180.0,bottom
U5,59.9,51.5,0.0,bottom
